,Amp,AmpErr,Cent,CentErr,Wid,WidErr
pulse_120303983.calib,1.1624254586548186,0.22544887954185644,95396.40404751894,562.9644278717576,277.2609267566945,566.5436285570988
